{
  "type": "minecraft:crafting_shaped",
  "group": "tinkering tools",
  "category": "misc",
  "pattern": [
    "3",
    "2",
    "1"
  ],
  "key": {
    "1": {
      "item": "surgoi.tinkering:wooden_tool_handle"
    },
    "2": {
      "item": "surgoi.tinkering:wooden_tool_binding"
    },
    "3": {
      "item": "surgoi.tinkering:amethyst_pickaxe_head"
    }
  },
  "result": {
    "id": "surgoi.tinkering:amethyst_pickaxe",
    "count": 1,
    "components": {
    }
  }
}