{
  "base": {
    "translation_key": "item.surgoi.tinkering.amethyst_pickaxe"
  },
  "components": {
    "minecraft:damageable": {
      "durability": 200,
	  "preserve_item": true
    },
    "minecraft:enchantable": {
      "enchantability": 18,
      "enchantments": "minecraft:pickaxe_enchanting"
    },
    "minecraft:forgeable": {
      "enchantments": "minecraft:pickaxe_forging"
    },
    "minecraft:repairable": {
      "items": "surgoi.tinkering:repairs_amethyst_tool"
    },
    "minecraft:stackable": 1,
    "minecraft:tool": {
      "rules": [
        {
          "blocks": "#surgoi.tinkering:incorrect_for_amethyst_tool",
          "correct_for_drops": false
        },
        {
          "blocks": "#minecraft:mineable/pickaxe",
          "correct_for_drops": true,
          "speed": 9.0
        }
      ]
    },
    "minecraft:weapon": {
      "attack_damage": 4.0,
      "attack_speed": -2.8,
      "damage_per_hit": 1
    }
  }
}